{
  /* Specify the scenarios to be included in the project
  A scenario is defined with with:
  
  "modelPath"                      FDL file that defines the model.
  "scenarioName"                   A title that summarizes the scenario
  "defines"                        Preprocessor defines that select the
                                   flow specific to this scenario.*/
  "scenarios": [
    {
      "modelPath": "model/callflow.FDL",
      "scenarioName": "AI Shift to Model"
    }
  ],
  /* Specify the documents to be generated from this project.
  "documentFormat"                 Choose between "pdf" and "emf" (MS Word Picture format)
                                   Note: documentFormat defaults to "pdf" when omitted for a document.
  "documentName"                   Defines the file name for the document
  "documentType"                   Choose between "sequence-diagram" and "context-diagram"
                                   Note: documentType defaults to "sequence-diagram" when omitted.
  "interactionLevel"               Specify this option to define a high level sequence 
                                   diagram at "system", "subsystem", "module" or "component" level.
  "interfaceFilter"                Specify this option to limit the sequence diagram to interactions
                                   involving a specified object, component, module, subsystem, system or
                                   their respective type specifications.
  "defines"                        Specify the preprocessor defines that are specific for this document.
                                   For example, "POSTER" and "PRESENTATION" formats can be selected
                                   by adding them to the defines.*/
  "documents": [
    {
      "documentName": "callflow"
    },
    {
      "documentName": "presentation",
      "defines": [
        "PRESENTATION"
      ]
    },
    {
      "documentName": "AI in environment",
      "documentType": "collaboration-diagram"

    },
    {
      "documentFormat": "emf",
      "documentName": "Word picture format"
    }
  ]
}